n,Operation,Structure,Average Time (ns),Metric,Metric Type,Complexity
100,Insert Beginning,Dynamic Array,1736560,601420,Movements,Theta(n)
100,Insert Beginning,Linked List,46060,0,Accesses,Theta(1)
100,Insert Middle,Dynamic Array,1275960,551420,Movements,Theta(n)
100,Insert Middle,Linked List,113100,50000,Accesses,Theta(n)
100,Remove Beginning,Dynamic Array,543160,99000,Movements,Theta(n)
100,Remove Beginning,Linked List,68900,0,Accesses,Theta(1)
100,Remove Middle,Dynamic Array,213100,49000,Movements,Theta(n)
100,Remove Middle,Linked List,161960,50000,Accesses,Theta(n)
1000,Insert Beginning,Dynamic Array,78580,1500524,Movements,Theta(n)
1000,Insert Beginning,Linked List,35680,0,Accesses,Theta(1)
1000,Insert Middle,Dynamic Array,64720,1000524,Movements,Theta(n)
1000,Insert Middle,Linked List,687180,500000,Accesses,Theta(n)
1000,Remove Beginning,Dynamic Array,93900,999000,Movements,Theta(n)
1000,Remove Beginning,Linked List,48380,0,Accesses,Theta(1)
1000,Remove Middle,Dynamic Array,83920,499000,Movements,Theta(n)
1000,Remove Middle,Linked List,714420,500000,Accesses,Theta(n)
10000,Insert Beginning,Dynamic Array,254980,10499500,Movements,Theta(n)
10000,Insert Beginning,Linked List,18340,0,Accesses,Theta(1)
10000,Insert Middle,Dynamic Array,139280,5499500,Movements,Theta(n)
10000,Insert Middle,Linked List,6830540,5000000,Accesses,Theta(n)
10000,Remove Beginning,Dynamic Array,393460,9999000,Movements,Theta(n)
10000,Remove Beginning,Linked List,21440,0,Accesses,Theta(1)
10000,Remove Middle,Dynamic Array,258860,4999000,Movements,Theta(n)
10000,Remove Middle,Linked List,6932360,5000000,Accesses,Theta(n)
100000,Insert Beginning,Dynamic Array,4977680,100499500,Movements,Theta(n)
100000,Insert Beginning,Linked List,13760,0,Accesses,Theta(1)
100000,Insert Middle,Dynamic Array,2552460,50499500,Movements,Theta(n)
100000,Insert Middle,Linked List,62998960,50000000,Accesses,Theta(n)
100000,Remove Beginning,Dynamic Array,5125700,99999000,Movements,Theta(n)
100000,Remove Beginning,Linked List,33080,0,Accesses,Theta(1)
100000,Remove Middle,Dynamic Array,3385940,49999000,Movements,Theta(n)
100000,Remove Middle,Linked List,63786440,50000000,Accesses,Theta(n)
